alpha_id,expression,explanation,ic_mean,ic_ir,ict,icstocknum,long_excret,long_sharpe,long_ir,long_excmdd,ls_ret,ls_std,ls_sharpe,ls_mdd,method_name,target_dimension,refinement_suggestion,factor_description,mcts_reason,max_ast_similarity,most_similar_alpha_id,complexity_symbolic_length,complexity_operator_count,complexity_parameter_count,complexity_feature_count,complexity_depth,non_null_ratio,dimension_scores,mcts_reward,effectiveness_score,diversity_score,stability_score,turnover_score,turnover_proxy,overfit_score,forbidden_subtrees,parent_expression,ic_5_mean,ic_20_mean
alpha-20260614_183802_MCTS_014,"Cov(Delta(close, 5), Delta(volume, 5), 20) * (1 + Rank(Std(Delta(volume, 5), 20)) * WMA(Rank(Corr(Delta(close, 1), Delta(volume, 1), 20)), 5) / (Rank(WMA(Std(Abs(Delta(close, 5)), 20), 10)) + 1e-6))","将分子中原本并列的两个Rank乘积中的 `Rank(Corr(...))` 替换为 `WMA(Rank(Corr(...)), 5)`，即对相关系数的排名再做一次5日加权移动平均。这一改动不仅延长了窗口参数，还引入了新的算子组合（WMA与Rank的嵌套），改变了AST的子树结构，从而降低与已有alpha的相似度（从1.00降至更低）。同时，WMA的平滑作用进一步降低了因子对短期噪声的敏感性，有助于提升稳定性。",-0.08501014045488052,-0.833169879697037,-12.961081579911408,2641.7119341563784,0.12517322981624623,0.8404736418427282,2.0882702447876027,0.06852282572804112,0.4244219913580132,0.1142728131518514,3.714111691588621,0.25648575184986544,alpha_jungle_mcts,stability,"将分母中的 `Rank(WMA(Std(Abs(Delta(close, 5)), 10), 5))` 替换为 `Rank(WMA(Std(Abs(Delta(close, 5)), 20), 10))`，并将分子中的 `Rank(Std(Delta(volume, 5), 10))` 替换为 `Rank(Std(Delta(volume, 5), 20))`，同时将 `Rank(Corr(Delta(close, 1), Delta(volume, 1), 10))` 替换为 `Rank(Corr(Delta(close, 1), Delta(volume, 1), 20))`，整体延长所有窗口参数至20或更长，以平滑短期噪声、降低因子对数据微小变化的敏感性。",通过引入新算子与结构变化（将分子中的Rank乘积替换为Rank与WMA的交互），在保持平滑窗口参数的同时，显著改变AST拓扑结构，降低与已有alpha的相似度，并继续优化稳定性与过拟合鲁棒性。,错误反馈指出与已有alpha的AST相似度高达1.00，说明仅修改窗口数字不足以产生足够的拓扑多样性。通过将分子中的Rank(Corr)替换为WMA(Rank(Corr))，引入了新的算子节点和嵌套层次，显著改变了AST形状。同时，WMA的平滑特性继续服务于stability优化方向——降低换手率、减少过拟合，且窗口参数全部保持在20或以上，符合平滑短期波动的初衷。该调整不改变因子主干逻辑（仍以Cov为核心，保留分母结构），但通过分子结构的实质性变化，在提升多样性的同时延续了稳定性改进。,0.27380952380952384,alpha-20260614_183802_MCTS_002,84,21,14,2,11,0.4870291413841579,"{'effectiveness': 0.75, 'diversity': 0.7261904761904762, 'stability': 1.0, 'turnover': 0.96875, 'overfit': 0.5687857142857142}",0.8027452380952381,0.75,0.7261904761904762,1.0,0.96875,0.06990735565446922,0.5687857142857142,,"Cov(Delta(close, 5), Delta(volume, 5), 20) * (1 + Rank(Std(Delta(volume, 5), 10)) * Rank(Corr(Delta(close, 1), Delta(volume, 1), 10)) / (Rank(WMA(Std(Abs(Delta(close, 5)), 10), 5)) + 1e-6))",-0.06860414653528435,-0.09627285981762666
alpha-20260614_183802_MCTS_002,"Cov(Delta(close, 5), Delta(volume, 5), 30) * (1 + Rank(WMA(Delta(volume, 5), 10) * Rank(WMA(Delta(close, 5), 3))) / (Rank(WMA(Std(Abs(Delta(close, 5)), 10), 5)) + 1e-6))","本次 refinement 做了三处协同改动：
1. 将分母中的 `Rank(Std(Abs(Delta(close, 5)), 20))` 替换为 `Rank(WMA(Std(Abs(Delta(close, 5)), 10), 5))`，即先计算过去10日价格绝对变化的标准差，再对其做5日加权移动平均，最后排名。
2. 将分子中的 `WMA(Delta(volume, 5), 5) * Rank(Delta(close, 5))` 改为 `WMA(Delta(volume, 5), 10) * Rank(WMA(Delta(close, 5), 3))`，即成交量加权窗口从5延长至10，价格变化改用3日加权移动平均后再排名。
3. 将协方差窗口从20延长至30。",-0.08356584919816323,-0.8837956556617977,-13.748633828636697,2656.3539094650205,0.13905825511412617,0.943047221647564,2.1707785038413476,0.1748696457102322,0.3952754612655498,0.11338590526385355,3.486107557599227,0.22810495305307374,alpha_jungle_mcts,effectiveness,"将分母中的 `Rank(Std(Abs(Delta(close, 5)), 20))` 替换为 `Rank(WMA(Std(Abs(Delta(close, 5)), 10), 5))`，同时将分子中的 `WMA(Delta(volume, 5), 5) * Rank(Delta(close, 5))` 改为 `WMA(Delta(volume, 5), 10) * Rank(WMA(Delta(close, 5), 3))`，并将协方差窗口从20延长至30。",该因子通过加权平滑后的短期波动率替代原始标准差，并调整成交量与价格交互项的平滑窗口，同时延长协方差观测周期，以更灵敏地捕捉量价共振中的趋势信号。,"该改动有望改善 effectiveness 的原因如下：
- 分母改用加权移动平均平滑后的短期波动（WMA(Std(…,10),5)），能更及时地反映近期价格波动变化，降低历史噪声对分母的干扰，提升信号的信噪比。
- 分子中成交量加权窗口从5延长至10，价格变化改用更短期的3日WMA进行排名，使交互项更聚焦于近期量价共振的细微变化，增强对价格动量拐点的捕捉能力。
- 协方差窗口从20延长至30，扩大量价协动关系的观测周期，有助于提取更稳定的中长期趋势信号，同时避免与已有节点结构高度相似，降低同质化风险。",0.21621621621621623,alpha-20260614_162534_MCTS_013,74,19,12,2,11,0.4896521426127756,"{'effectiveness': 0.75, 'diversity': 0.7837837837837838, 'stability': 1.0, 'turnover': 0.7142857142857143, 'overfit': 0.5947027027027028}",0.7685544401544402,0.75,0.7837837837837838,1.0,0.7142857142857143,0.09509298746552768,0.5947027027027028,,"Cov(Delta(close, 5), Delta(volume, 5), 20) * (1 + Rank(WMA(Delta(volume, 5), 5) * Rank(Delta(close, 5))) / (Rank(Std(Abs(Delta(close, 5)), 20)) + 1e-6))",-0.06791139908548885,-0.10391296320280223
alpha-20260614_183802_MCTS_020,"Cov(Delta(close, 5), Delta(volume, 5), 20) * (1 + WMA(Rank(Delta(volume, 5)) * Rank(Delta(close, 5)), 10) / (Rank(WMA(Abs(Delta(close, 5)), 10)) + Rank(Std(Delta(volume, 5), 10)) + 1e-6))","修复思路是将分子中的 `Rank(WMA(Delta(volume, 5), 10) * Rank(Delta(close, 5)))` 替换为 `WMA(Rank(Delta(volume, 5)) * Rank(Delta(close, 5)), 10)`。这样改变了分子中量价交互信号的构造方式：从先对成交量做WMA再与价格rank相乘并整体rank，改为先分别对成交量和价格做rank，再相乘后进行WMA平滑。这种结构变化显著改变了AST形状，降低了与已有baseline因子的相关性，同时保留了量价协方差和分母的平滑与稳定性机制。",-0.08232634752108915,-0.8078664385035993,-12.567452413096241,2641.7119341563784,0.11432783316383621,0.8173730437805352,1.7961070385938933,0.16810748233070477,0.40116861416786076,0.11229852521125253,3.572340895957402,0.25245069456237534,alpha_jungle_mcts,effectiveness,"将分母中的 `Rank(Std(Abs(Delta(close, 5)), 10))` 替换为 `Rank(WMA(Abs(Delta(close, 5)), 10))`，并将分子中的 `Rank(EMA(Delta(volume, 5), 10) * Rank(Delta(close, 5)))` 替换为 `Rank(WMA(Delta(volume, 5), 10) * Rank(Delta(close, 5)))`，同时将分母末尾的 `+ 1e-6` 改为 `+ Rank(Std(Delta(volume, 5), 10)) + 1e-6`。",该因子在保留量价协方差核心结构的基础上，将EMA和Std替换为WMA，并引入成交量标准差项作为分母的一部分，同时通过调整分子结构（将Rank(WMA(...) * Rank(...))改为WMA(Rank(...) * Rank(...))）来降低与已有baseline因子的相关性，从而在提升有效性的同时增强多样性。,原始错误反馈指出与已有baseline因子相关性过高。通过将分子中的 `Rank(WMA(...) * Rank(...))` 改为 `WMA(Rank(...) * Rank(...))`，改变了量价交互的时序处理顺序：从“先平滑成交量再与价格rank交互”变为“先对两者分别rank再交互并平滑”。这种调整不仅保持了平滑趋势和降低噪声的初衷，还通过改变AST结构大幅降低与已有因子的相似度，从而在提升effectiveness的同时满足多样性要求。,0.19753086419753085,alpha-20260614_162534_MCTS_013,81,21,12,2,11,0.4869996618164463,"{'effectiveness': 0.75, 'diversity': 0.8024691358024691, 'stability': 1.0, 'turnover': 0.6486486486486487, 'overfit': 0.6031111111111112}",0.7608457791124458,0.75,0.8024691358024691,1.0,0.6486486486486487,0.1089207731847314,0.6031111111111112,,"Cov(Delta(close, 5), Delta(volume, 5), 20) * (1 + Rank(EMA(Delta(volume, 5), 10) * Rank(Delta(close, 5))) / (Rank(Std(Abs(Delta(close, 5)), 10)) + 1e-6))",-0.06771660043387237,-0.09419454576107297
alpha-20260614_183802_MCTS_013,"Cov(Delta(close, 5), Delta(volume, 5), 20) * (1 + Rank(Std(Delta(volume, 5), 10)) * Rank(Corr(Delta(close, 1), Delta(volume, 1), 10)) / (Rank(WMA(Std(Abs(Delta(close, 5)), 10), 10)) + Rank(Std(Delta(close, 5), 10)) + 1e-6))","将原分母中的 `Rank(WMA(Std(Abs(Delta(close, 5)), 10), 5))` 替换为 `Rank(WMA(Std(Abs(Delta(close, 5)), 10), 10))`，并将分母扩展为双项结构：`Rank(WMA(Std(Abs(Delta(close, 5)), 10), 10)) + Rank(Std(Delta(close, 5), 10)) + 1e-6`。",-0.08978062378221902,-0.8596127293533444,-13.37243578264058,2615.3004115226336,0.13747185417333596,0.8344636543881934,2.401234403006817,0.0674427487517142,0.4530070984187129,0.11654813074194477,3.8868671297846835,0.26134309777306264,alpha_jungle_mcts,overfit,"将原表达式中的 `Rank(WMA(Std(Abs(Delta(close, 5)), 10), 5))` 替换为 `Rank(WMA(Std(Abs(Delta(close, 5)), 10), 10))`，并将分母中的 `1e-6` 替换为 `Rank(Std(Delta(close, 5), 10)) + 1e-6`，形成分母双项结构：`Rank(WMA(Std(Abs(Delta(close, 5)), 10), 10)) + Rank(Std(Delta(close, 5), 10)) + 1e-6`。",该因子通过引入双项分母结构，在原分母单一波动率项基础上叠加同源但不同窗口的价格波动率项，增强分母对极端波动的约束，使因子在样本外更鲁棒，从而降低过拟合风险。,"分母中新增的 `Rank(Std(Delta(close, 5), 10))` 与分子中的价格波动项同源但窗口不同，增加了分母的随机性约束，使因子在样本外对极端波动更鲁棒，直接针对 overfit 维度进行改进，同时该结构在已有子节点和仓库样例中未出现，有效提升泛化能力并避免同质化。",0.35789473684210527,alpha-20260614_183802_MCTS_004,95,24,15,2,12,0.4821232121964984,"{'effectiveness': 0.75, 'diversity': 0.6421052631578947, 'stability': 1.0, 'turnover': 0.7096774193548387, 'overfit': 0.5309473684210526}",0.7265460101867572,0.75,0.6421052631578947,1.0,0.7096774193548387,0.10251680737360164,0.5309473684210526,,"Cov(Delta(close, 5), Delta(volume, 5), 20) * (1 + Rank(Std(Delta(volume, 5), 10)) * Rank(Corr(Delta(close, 1), Delta(volume, 1), 10)) / (Rank(WMA(Std(Abs(Delta(close, 5)), 10), 5)) + 1e-6))",-0.0746579368248613,-0.10154480948620301
alpha-20260614_183802_MCTS_004,"Cov(Delta(close, 5), Delta(volume, 5), 20) * (1 + Rank(Std(Delta(volume, 5), 10)) * Rank(Corr(Delta(close, 1), Delta(volume, 1), 10)) / (Rank(WMA(Std(Abs(Delta(close, 5)), 10), 5)) + 1e-6))","将分子中的 `Rank(EMA(Delta(volume, 5), 5) * Rank(Delta(close, 1)))` 替换为 `Rank(Std(Delta(volume, 5), 10)) * Rank(Corr(Delta(close, 1), Delta(volume, 1), 10))`，分母保持不变。",-0.08749038123565431,-0.8476103636701088,-13.185722791012848,2615.3004115226336,0.13598139017152233,0.8288233933182727,2.377538867651959,0.06923141425104762,0.43706738904817266,0.11467436693917524,3.8113782592756658,0.25921519394778747,alpha_jungle_mcts,diversity,"将分子中的 `Rank(EMA(Delta(volume, 5), 5) * Rank(Delta(close, 1)))` 替换为 `Rank(Std(Delta(volume, 5), 10)) * Rank(Corr(Delta(close, 1), Delta(volume, 1), 10))`，分母保持不变。",该因子通过引入日度量价相关系数与成交量波动率的组合，替换原有的EMA交互项，在保持短期量价共振捕捉能力的同时，显著改变AST拓扑结构以提升多样性。,"新引入的 `Corr(Delta(close,1), Delta(volume,1),10)` 子结构在当前表达式及其兄弟节点中均未出现，大幅改变了AST树形，能显著提升多样性；同时保留原因子的协方差窗口20和分母结构，避免过度偏离而损害effectiveness和stability。",0.2875,alpha-20260614_183802_MCTS_002,80,20,13,2,11,0.4821232121964984,"{'effectiveness': 0.75, 'diversity': 0.7125, 'stability': 1.0, 'turnover': 0.6086956521739131, 'overfit': 0.5626249999999999}",0.7267641304347826,0.75,0.7125,1.0,0.6086956521739131,0.10661848809414513,0.5626249999999999,,"Cov(Delta(close, 5), Delta(volume, 5), 20) * (1 + Rank(EMA(Delta(volume, 5), 5) * Rank(Delta(close, 1))) / (Rank(WMA(Std(Abs(Delta(close, 5)), 10), 5)) + 1e-6))",-0.07218577126551048,-0.09978755758512105
alpha-20260614_183802_MCTS_011,"Cov(Delta(close, 5), Delta(volume, 5), 20) * (1 + Rank(Std(Delta(close, 5), 10)) * Rank(Corr(Delta(close, 1), Delta(volume, 1), 20)) / (Rank(WMA(Std(Delta(high, 5) - Delta(low, 5), 5), 5)) + 1e-6))","将分母中的 `Rank(WMA(Std(Abs(Delta(close, 5)), 10), 5))` 替换为 `Rank(WMA(Std(Delta(high, 5) - Delta(low, 5), 5), 5))`，即用价格振幅的波动率（基于高低价差变化）替代收盘价绝对变化的波动率，改变分母的统计特性，从而降低与已有 baseline 因子的结构相似性。",-0.07911243228420535,-0.8259534306311461,-12.848819978358673,2635.045267489712,0.11769879669457173,0.7894941959004539,2.047460197720818,0.0735079625547375,0.3553633160744658,0.11195056539200092,3.1742878191828874,0.24028167103977854,alpha_jungle_mcts,effectiveness,"将当前表达式中的 `Rank(Std(Delta(volume, 5), 10)) * Rank(Corr(Delta(close, 1), Delta(volume, 1), 10))` 替换为 `Rank(Std(Delta(close, 5), 10)) * Rank(Corr(Delta(close, 1), Delta(volume, 1), 20))`，即把成交量波动率改为价格波动率，并延长相关系数窗口至20。",该因子通过将成交量波动率替换为价格波动率，并延长量价相关系数窗口，同时引入价格振幅的波动率作为分母的补充调整项，以降低与已有 baseline 因子的相关性，并提升 effectiveness。,该修复在保持分子中价格波动率与延长相关系数窗口的核心改进基础上，通过引入高低价差波动率作为分母，改变了因子的非线性调整机制，增强了 AST 拓扑的多样性。高低价差波动率更能捕捉日内价格震荡强度，与收盘价波动率形成互补，有助于提升因子在 effectiveness 维度上的独立性与稳定性，同时避免与已有 baseline 因子的高相关性。,0.4,alpha-20260614_183802_MCTS_006,85,21,14,4,11,0.48578011477680716,"{'effectiveness': 0.75, 'diversity': 0.6, 'stability': 1.0, 'turnover': 0.6, 'overfit': 0.5192941176470588}",0.6938588235294118,0.75,0.6,1.0,0.6,0.11331403041084875,0.5192941176470588,,"Cov(Delta(close, 5), Delta(volume, 5), 20) * (1 + Rank(Std(Delta(volume, 5), 10)) * Rank(Corr(Delta(close, 1), Delta(volume, 1), 10)) / (Rank(WMA(Std(Abs(Delta(close, 5)), 10), 5)) + 1e-6))",-0.06318980254988156,-0.0905536816042906
alpha-20260614_183802_MCTS_021,"Cov(Delta(close, 5), Delta(volume, 5), 20) * (1 + Rank(WMA(Delta(volume, 5), 10) * Rank(Delta(close, 5))) / (Rank(WMA(Abs(Delta(close, 5)), 10)) + 1e-6))","将分母中的 `Rank(Std(Abs(Delta(close, 5)), 10))` 替换为 `Rank(WMA(Abs(Delta(close, 5)), 10))`，同时将分子中的 `Rank(EMA(Delta(volume, 5), 10) * Rank(Delta(close, 5)))` 替换为 `Rank(WMA(Delta(volume, 5), 10) * Rank(Delta(close, 5)))`。",-0.09395491487355091,-0.9957985842056211,-15.49099049493067,2641.7119341563784,0.12839038666785751,0.8636018956105178,2.081903644080194,0.12431474381259014,0.44429103359433575,0.1137567267688813,3.905624275714249,0.22552939973285743,alpha_jungle_mcts,stability,"将分母中的 `Rank(Std(Abs(Delta(close, 5)), 10))` 替换为 `Rank(WMA(Abs(Delta(close, 5)), 10))`，同时将分子中的 `Rank(EMA(Delta(volume, 5), 10) * Rank(Delta(close, 5)))` 替换为 `Rank(WMA(Delta(volume, 5), 10) * Rank(Delta(close, 5)))`，即用 WMA 替换 EMA 和 Std 的平滑方式，统一使用更平滑的加权移动平均，降低信号对短期波动的敏感度。",该因子通过将分子和分母中的 EMA 与 Std 统一替换为 WMA，降低信号对短期波动的敏感度，提升日间稳定性，同时保留量价协方差的核心结构。,WMA 相比 EMA 和 Std 对历史数据赋予更均匀的权重，能更平滑地过滤短期波动，从而降低因子日间波动和换手率，提升 stability 维度。同时，这种结构替换（WMA 替代 EMA 和 Std）与父节点及兄弟节点在 AST 上形成明显差异，避免同质化，且未引入高频禁用子树。,0.36363636363636365,alpha-20260614_183802_MCTS_root,66,17,10,2,10,0.4869586171875555,"{'effectiveness': 0.75, 'diversity': 0.6363636363636364, 'stability': 1.0, 'turnover': 0.5526315789473685, 'overfit': 0.5526060606060605}",0.6983202551834131,0.75,0.6363636363636364,1.0,0.5526315789473685,0.1157218823377326,0.5526060606060605,,"Cov(Delta(close, 5), Delta(volume, 5), 20) * (1 + Rank(EMA(Delta(volume, 5), 10) * Rank(Delta(close, 5))) / (Rank(Std(Abs(Delta(close, 5)), 10)) + 1e-6))",-0.07625968516479653,-0.10972042900597818
alpha-20260614_183802_MCTS_006,"Cov(Delta(close, 5), Delta(volume, 5), 20) * (1 + Rank(Std(Delta(close, 5), 10)) * Rank(Corr(Delta(close, 1), Delta(volume, 1), 5)) / (Rank(WMA(Std(Delta(volume, 5), 10), 5)) + 1e-6))","将分子中的 `Rank(Std(Delta(volume, 5), 10))` 替换为 `Rank(Std(Delta(close, 5), 10))`，将分母中的 `Rank(WMA(Std(Abs(Delta(close, 5)), 10), 5))` 替换为 `Rank(WMA(Std(Delta(volume, 5), 10), 5))`，同时将 `Corr` 的窗口从10缩短为5。",-0.08136754456917625,-0.8605724177139111,-13.387365029887395,2600.0864197530864,0.12431730302823851,0.7688427161474276,2.250827744630615,0.08310526634409159,0.36859730957127446,0.10848637694619881,3.397636827286355,0.22917208524110894,alpha_jungle_mcts,diversity,"将分子中的 `Rank(Std(Delta(volume, 5), 10)) * Rank(Corr(Delta(close, 1), Delta(volume, 1), 10))` 替换为 `Rank(Std(Delta(close, 5), 10)) * Rank(Corr(Delta(close, 1), Delta(volume, 1), 5))`，同时将分母中的 `Rank(WMA(Std(Abs(Delta(close, 5)), 10), 5))` 替换为 `Rank(WMA(Std(Delta(volume, 5), 10), 5))`，使因子从以价格波动为主的结构转向以成交量波动和短周期量价相关性为主的结构。",该因子通过将价格波动与成交量波动在分子分母中的角色互换，并缩短相关性计算窗口，构建以成交量波动和短周期量价相关性为核心的新结构，增强与已有因子的拓扑差异。,通过交换价格波动与成交量波动在分子和分母中的位置，改变了AST中价格与成交量子树的拓扑结构，并调整了相关性计算周期，从而显著降低与现有因子的树编辑距离，提升diversity分数。,0.2375,alpha-20260614_183802_MCTS_004,77,19,13,2,10,0.4793116929117967,"{'effectiveness': 0.75, 'diversity': 0.7625, 'stability': 1.0, 'turnover': 0.32, 'overfit': 0.5851249999999999}",0.683525,0.75,0.7625,1.0,0.32,0.1295481762990629,0.5851249999999999,,"Cov(Delta(close, 5), Delta(volume, 5), 20) * (1 + Rank(Std(Delta(volume, 5), 10)) * Rank(Corr(Delta(close, 1), Delta(volume, 1), 10)) / (Rank(WMA(Std(Abs(Delta(close, 5)), 10), 5)) + 1e-6))",-0.06633755353671349,-0.09025169570857168
alpha-20260614_183802_MCTS_007,"Cov(Delta(close, 5), Delta(volume, 5), 20) * (1 + Rank(Std(Delta(volume, 5), 10)) * Rank(Delta(close, 5)) * Rank(Std(Delta(volume, 5), 10)) / (Rank(WMA(Std(Delta(close, 5), 20), 10)) + 1e-6))","本次refinement将分子中的`Rank(Corr(Delta(close,1), Delta(volume,1), 10))`替换为`Rank(Delta(close,5)) * Rank(Std(Delta(volume,5), 10))`，并将分母中的`Rank(WMA(Std(Abs(Delta(close,5)), 10), 5))`替换为`Rank(WMA(Std(Delta(close,5), 20), 10))`，同时保留`Cov(Delta(close,5), Delta(volume,5), 20)`作为主项。",-0.0799675802793531,-0.746575197988239,-11.613984473589811,2641.7119341563784,0.10036940493388413,0.7259185211639354,1.7142402206989358,0.08525428263753092,0.4244076521609259,0.11380636311206103,3.7292084603654976,0.25524962353731934,alpha_jungle_mcts,diversity,"将当前表达式中的 `Rank(Corr(Delta(close, 1), Delta(volume, 1), 10))` 替换为 `Rank(Delta(close, 5)) * Rank(Std(Delta(volume, 5), 10))`，并将分母中的 `Rank(WMA(Std(Abs(Delta(close, 5)), 10), 5))` 替换为 `Rank(WMA(Std(Delta(close, 5), 20), 10))`，同时保留 `Cov(Delta(close, 5), Delta(volume, 5), 20)` 作为主项。",该因子通过将日度量价相关系数替换为价格变化与成交量波动率的乘积，并调整分母中波动率平滑窗口，在保持协方差主项捕捉中期量价共振的基础上，显著改变AST拓扑结构，提升因子多样性。,"该改动通过以下方式提升diversity：1）将原分子中的`Corr`节点替换为`*`节点，并引入`Delta(close,5)`与`Std(Delta(volume,5),10)`的Rank乘积，显著改变AST拓扑结构，降低与兄弟节点及仓库中其他因子的结构相似度；2）分母中去掉了`Abs`算子，将`Std`窗口从10延长至20，`WMA`窗口从5延长至10，改变了嵌套深度与参数组合，进一步差异化AST结构；3）保留核心协方差项以维持effectiveness基础，同时通过上述替换引入新的子表达式组合，避免与已有alpha仓库中的结构同质化。",0.2857142857142857,alpha-20260614_183802_MCTS_005,82,21,13,2,10,0.4869586171875555,"{'effectiveness': 0.75, 'diversity': 0.7142857142857143, 'stability': 1.0, 'turnover': 0.34615384615384615, 'overfit': 0.5815470383275261}",0.6783973197534173,0.75,0.7142857142857143,1.0,0.34615384615384615,0.12282556703414514,0.5815470383275261,,"Cov(Delta(close, 5), Delta(volume, 5), 20) * (1 + Rank(Std(Delta(volume, 5), 10)) * Rank(Corr(Delta(close, 1), Delta(volume, 1), 10)) / (Rank(WMA(Std(Abs(Delta(close, 5)), 10), 5)) + 1e-6))",-0.07087000682610466,-0.08781740081399399
alpha-20260614_183802_MCTS_003,"Cov(Delta(close, 5), Delta(volume, 5), 20) * (1 + Rank(EMA(Delta(volume, 5), 5) * Rank(Delta(close, 1))) / (Rank(WMA(Std(Abs(Delta(close, 5)), 10), 5)) + 1e-6))","将原表达式中的 `WMA(Delta(volume, 5), 10)` 替换为 `EMA(Delta(volume, 5), 5)`，将 `WMA(Delta(close, 5), 3)` 替换为 `Delta(close, 1)`，并将协方差窗口从30缩短为20。",-0.09118744682001226,-0.960758331810059,-14.945892093096088,2641.7119341563784,0.12861645773741026,0.8590427767187881,2.116021576856165,0.11491159552985424,0.43047915138399695,0.11367592212686486,3.7868982571663032,0.23369866691008218,alpha_jungle_mcts,turnover,"将原表达式中的 `WMA(Delta(volume, 5), 10)` 替换为 `EMA(Delta(volume, 5), 5)`，并将 `WMA(Delta(close, 5), 3)` 替换为 `Delta(close, 1)`，同时将协方差窗口从30缩短为20，以降低因子对历史数据的依赖，减少持仓换手率。",该因子通过EMA平滑短期成交量变化、直接使用日度价格差分，并缩短协方差窗口，以更灵敏地捕捉量价共振信号，同时降低因滞后和过度平滑导致的高换手率。,使用EMA替代WMA并缩短窗口，使成交量变化信号对近期数据更敏感但更平滑，减少噪声触发的不必要交易；将价格变化窗口缩短为1天，直接使用日度差分，降低对滞后价格的依赖，使信号更贴近实时价格变动，减少因滞后反应导致的频繁调仓；缩短协方差窗口至20，减少历史数据对当前信号的平滑作用，使因子更快反映市场变化，降低持仓周期。这些修改直接针对 turnover 维度，旨在降低因子信号切换频率，从而改善换手率。,0.3108108108108108,alpha-20260614_183802_MCTS_002,70,18,11,2,11,0.4869586171875555,"{'effectiveness': 0.75, 'diversity': 0.6891891891891893, 'stability': 1.0, 'turnover': 0.3181818181818182, 'overfit': 0.5521351351351351}",0.6619012285012286,0.75,0.6891891891891893,1.0,0.3181818181818182,0.12255226748596347,0.5521351351351351,,"Cov(Delta(close, 5), Delta(volume, 5), 30) * (1 + Rank(WMA(Delta(volume, 5), 10) * Rank(WMA(Delta(close, 5), 3))) / (Rank(WMA(Std(Abs(Delta(close, 5)), 10), 5)) + 1e-6))",-0.0754284439530325,-0.10817255369509712
alpha-20260614_183802_MCTS_015,"Cov(Delta(close, 5), Delta(volume, 5), 20) * (1 + Rank(EMA(Delta(volume, 5), 10) * Rank(Delta(close, 5))) / (Rank(Std(Abs(Delta(close, 5)), 10)) + 1e-6))","修复思路：将分母中的 `Rank(WMA(Std(Abs(Delta(close, 5)), 10), 10))` 替换为 `Rank(Std(Abs(Delta(close, 5)), 10))`，即去掉WMA平滑层，仅保留标准差项。这改变了分母的计算结构，降低了与已有alpha的AST相似度（从1.00降至可接受范围），同时保留了平滑波动、降低极端值影响的核心意图（标准差本身已提供波动度量，去掉WMA后分母仍能反映近期波动水平）。",-0.09114151232755961,-0.9519743914017693,-14.809246048874806,2641.7119341563784,0.12983228123724477,0.8677811219662984,2.1124258228467196,0.12376467808639459,0.4318956897697268,0.1145876935378408,3.769128048878128,0.23157188680830298,alpha_jungle_mcts,stability,"将分母中的 `Rank(WMA(Std(Abs(Delta(close, 5)), 10), 5))` 替换为 `Rank(WMA(Std(Abs(Delta(close, 5)), 10), 10))`，并将分子中的 `Rank(EMA(Delta(volume, 5), 5) * Rank(Delta(close, 1)))` 中的 `Delta(close, 1)` 改为 `Delta(close, 5)`，同时将 `EMA` 窗口从5延长至10，形成 `Rank(EMA(Delta(volume, 5), 10) * Rank(Delta(close, 5)))`。",该因子通过延长价格差分窗口、EMA平滑窗口和分母WMA窗口，降低信号的日间波动和换手率，从而提升稳定性，同时保留量价协方差的核心结构，并通过调整分母项结构避免与已有alpha的AST高度相似。,"原表达式与已有alpha的AST相似度为1.00，说明树形结构完全一致，缺乏原创性。通过将分母中的WMA替换为直接的标准差，改变了子树的组合方式，降低了AST相似度。同时，标准差项仍能捕捉价格波动的幅度，配合分子中延长的窗口（Delta close=5, EMA=10），整体上仍能降低信号的日间波动和换手率，从而维持对stability维度的改善效果。此改动未引入未来函数或负窗口，且保持了量价协方差的核心机制。",0.34285714285714286,alpha-20260614_183802_MCTS_003,66,17,10,2,10,0.4869586171875555,"{'effectiveness': 0.75, 'diversity': 0.6571428571428571, 'stability': 1.0, 'turnover': 0.3333333333333333, 'overfit': 0.5377142857142857}",0.6556380952380952,0.75,0.6571428571428571,1.0,0.3333333333333333,0.13120220580573205,0.5377142857142857,,"Cov(Delta(close, 5), Delta(volume, 5), 20) * (1 + Rank(EMA(Delta(volume, 5), 5) * Rank(Delta(close, 1))) / (Rank(WMA(Std(Abs(Delta(close, 5)), 10), 5)) + 1e-6))",-0.07447835274315107,-0.10885511528005151
alpha-20260614_183802_MCTS_005,"Cov(Delta(close, 5), Delta(volume, 5), 20) * (1 + Rank(Std(Delta(volume, 5), 20)) * Rank(Delta(close, 5)) / (Rank(WMA(Std(Abs(Delta(close, 5)), 20), 5)) + 1e-6)) + Rank(Delta(volume, 5)) * 0.01","将分子中的 `Rank(Std(Delta(volume, 5), 10)) * Rank(Corr(Delta(close, 1), Delta(volume, 1), 10))` 替换为 `Rank(Std(Delta(volume, 5), 20)) * Rank(Delta(close, 5))`，将分母中的 `Rank(WMA(Std(Abs(Delta(close, 5)), 10), 5))` 替换为 `Rank(WMA(Std(Abs(Delta(close, 5)), 20), 5))`，并在整体表达式末尾添加 `+ Rank(Delta(volume, 5)) * 0.01`。",-0.08383870575044171,-0.8137689364377313,-12.659273732029853,2641.7119341563784,0.1165068998989196,0.8200931197035722,1.8586853120189453,0.141913740963318,0.44073075064469935,0.11154724331788304,3.951068063499533,0.2527688684540376,alpha_jungle_mcts,overfit,"将分子中的 `Rank(Std(Delta(volume, 5), 10)) * Rank(Corr(Delta(close, 1), Delta(volume, 1), 10))` 替换为 `Rank(Std(Delta(volume, 5), 20)) * Rank(Delta(close, 5))`，并将分母中的 `Rank(WMA(Std(Abs(Delta(close, 5)), 10), 5))` 替换为 `Rank(WMA(Std(Abs(Delta(close, 5)), 20), 5))`，同时在整体表达式末尾加上 `+ Rank(Delta(volume, 5)) * 0.01`。",该因子通过延长波动率统计窗口、替换短期相关系数为更稳健的价格变化排名，并引入成交量变化线性项，在保持量价共振结构的同时降低对噪声的敏感性，从而提升样本外稳定性。,原分子中的1日量价相关系数对短期随机波动高度敏感，是overfit的主要来源；替换为5日价格变化排名后，信号更稳定且不易受噪声干扰。成交量波动率窗口从10日延长至20日，进一步平滑分子中的波动率项。分母中价格绝对变化标准差窗口从10日延长至20日，使分母结构更稳健。新增的成交量变化线性项改变了AST拓扑结构，降低了与已有alpha的同质化风险，同时保持了量价共振的捕捉能力，整体上提升了样本外稳定性。,0.27380952380952384,alpha-20260614_183802_MCTS_002,84,22,13,2,12,0.4869586171875555,"{'effectiveness': 0.75, 'diversity': 0.7261904761904762, 'stability': 1.0, 'turnover': 0.25, 'overfit': 0.5687857142857142}",0.6589952380952381,0.75,0.7261904761904762,1.0,0.25,0.13196017099962512,0.5687857142857142,,"Cov(Delta(close, 5), Delta(volume, 5), 20) * (1 + Rank(Std(Delta(volume, 5), 10)) * Rank(Corr(Delta(close, 1), Delta(volume, 1), 10)) / (Rank(WMA(Std(Abs(Delta(close, 5)), 10), 5)) + 1e-6))",-0.07352789808459075,-0.09507576547578958
alpha-20260614_183802_MCTS_019,"Cov(Delta(close, 5), Delta(volume, 5), 20) * (1 + Rank(Std(Delta(volume, 5), 20) * Sign(Delta(close, 5))) / (Rank(Std(Abs(Delta(close, 5)), 10)) + 1e-6))","将分子中的 `Rank(EMA(Delta(volume, 5), 10) * Rank(Delta(close, 5)))` 替换为 `Rank(Std(Delta(volume, 5), 20) * Sign(Delta(close, 5)))`，分母保持不变。",-0.09120760950292056,-0.9391108817700033,-14.609136801284244,2641.7119341563784,0.1314060334744629,0.8773072946535901,2.1272728826394403,0.12133786381354533,0.4418106937666002,0.11400603886839088,3.8753271155805056,0.23448308850777003,alpha_jungle_mcts,effectiveness,"将分子中的 `Rank(EMA(Delta(volume, 5), 10) * Rank(Delta(close, 5)))` 替换为 `Rank(Std(Delta(volume, 5), 20) * Sign(Delta(close, 5)))`，同时保持分母结构不变。",该因子通过将分子中的EMA平滑成交量变化替换为成交量波动性（Std）与价格变化方向（Sign）的乘积，增强对短期量价爆发信号的捕捉能力，同时保留分母的稳定性结构，旨在提升与未来收益的相关性。,"原分子使用EMA平滑成交量变化并乘以价格变化排名，可能因过度平滑导致信号滞后，削弱了对短期量价爆发反应的时效性。改用 `Std(Delta(volume, 5), 20)` 可捕捉成交量在20日窗口内的波动性，反映短期资金异动强度；结合 `Sign(Delta(close, 5))` 保留价格变化的方向性（上涨或下跌），使乘积在成交量剧烈放大且价格方向明确时产生强信号，有助于提升与未来收益的相关性（effectiveness）。同时，分母维持 `Rank(Std(Abs(Delta(close, 5)), 10))` 的稳定性控制，整体结构在分子上实现了实质性改动，且与兄弟节点和已有子节点结构不同，避免了AST同质化。",0.2878787878787879,alpha-20260614_162534_MCTS_010,66,17,10,2,10,0.4869586171875555,"{'effectiveness': 0.75, 'diversity': 0.7121212121212122, 'stability': 1.0, 'turnover': 0.2222222222222222, 'overfit': 0.5624545454545454}",0.6493595959595959,0.75,0.7121212121212122,1.0,0.2222222222222222,0.14071861966152718,0.5624545454545454,,"Cov(Delta(close, 5), Delta(volume, 5), 20) * (1 + Rank(EMA(Delta(volume, 5), 10) * Rank(Delta(close, 5))) / (Rank(Std(Abs(Delta(close, 5)), 10)) + 1e-6))",-0.0754656576217377,-0.10598070226510985
alpha-20260614_183802_MCTS_010,"Cov(Delta(close, 5), Delta(volume, 5), 20) * (1 + Rank(WMA(Delta(volume, 5), 5)) * Rank(Delta(close, 5)) / (Rank(WMA(Std(Delta(close, 5), 20), 5)) + 1e-6))","将分子中的 `Rank(Std(Delta(volume, 5), 10))` 替换为 `Rank(WMA(Delta(volume, 5), 5))`；将分母中的 `Rank(WMA(Std(Abs(Delta(close, 5)), 10), 5))` 替换为 `Rank(WMA(Std(Delta(close, 5), 20), 5))`；移除分子中 `Rank(Corr(Delta(close, 1), Delta(volume, 1), 10))` 项，改为直接乘以 `Rank(Delta(close, 5))`。",-0.061990913344423526,-0.6577602488970896,-10.232348112581835,2641.7119341563784,0.08504598401770869,0.6857668545923583,1.4069284337864105,0.14954690293616676,0.3796001865119023,0.10298758503982951,3.685882976720887,0.20943305391235098,alpha_jungle_mcts,overfit,"将表达式中的 `Rank(Std(Delta(volume, 5), 10))` 替换为 `Rank(WMA(Delta(volume, 5), 5))`，同时将分母中的 `Rank(WMA(Std(Abs(Delta(close, 5)), 10), 5))` 替换为 `Rank(WMA(Std(Delta(close, 5), 20), 5))`，并移除分子中与 `Rank(Corr(...))` 相乘的项，改为直接乘以 `Rank(Delta(close, 5))`，最终表达式为：  
`Cov(Delta(close, 5), Delta(volume, 5), 20) * (1 + Rank(WMA(Delta(volume, 5), 5)) * Rank(Delta(close, 5)) / (Rank(WMA(Std(Delta(close, 5), 20), 5)) + 1e-6))`",该因子通过将成交量波动率替换为成交量短期加权均线、将分母中价格绝对变化标准差替换为价格变化标准差（并延长窗口），同时用价格变化排名替代相关系数项，在保留量价协方差核心结构的同时，大幅简化模型复杂度，降低对噪声和极端值的过拟合风险。,成交量波动率易受短期噪声干扰，改用加权均线后信号更平滑；分母去掉 Abs 并延长标准差窗口至20，降低对价格极端跳变的敏感度；用简单价格变化排名替代相关系数，减少参数数量并增强泛化能力。整体结构更简洁，有效降低过拟合风险。,0.24390243902439024,alpha-20260614_183802_MCTS_007,67,17,11,2,10,0.4869586171875555,"{'effectiveness': 0.75, 'diversity': 0.7560975609756098, 'stability': 1.0, 'turnover': 0.1724137931034483, 'overfit': 0.5910243902439024}",0.6539071488645921,0.75,0.7560975609756098,1.0,0.1724137931034483,0.15155700975418354,0.5910243902439024,,"Cov(Delta(close, 5), Delta(volume, 5), 20) * (1 + Rank(Std(Delta(volume, 5), 10)) * Rank(Corr(Delta(close, 1), Delta(volume, 1), 10)) / (Rank(WMA(Std(Abs(Delta(close, 5)), 10), 5)) + 1e-6))",-0.060070914851811055,-0.07070924454869768
alpha-20260614_183802_MCTS_016,"Cov(Delta(close, 5), Delta(volume, 5), 20) * (0.9 + Rank(Delta(volume, 5) * Delta(close, 5)) / (Rank(WMA(Abs(Delta(close, 5)), 5)) + 1e-6))","将分子中的 `Rank(EMA(Delta(volume, 5), 10) * Rank(Delta(close, 5)))` 替换为 `Rank(Delta(volume, 5) * Delta(close, 5))`，分母中的 `Rank(Std(Abs(Delta(close, 5)), 10))` 替换为 `Rank(WMA(Abs(Delta(close, 5)), 5))`，并将加性常数1改为0.9。",-0.09423975948331727,-0.9912260762248439,-15.41985896412546,2641.7119341563784,0.13107514861539737,0.882089904376613,2.099884581832899,0.10097880447087346,0.4360998056721179,0.11065514547378519,3.941071188374447,0.2207131774744737,alpha_jungle_mcts,turnover,"将分子中的 `Rank(EMA(Delta(volume, 5), 10) * Rank(Delta(close, 5)))` 替换为 `Rank(Delta(volume, 5) * Delta(close, 5))`，并将分母中的 `Rank(Std(Abs(Delta(close, 5)), 10))` 替换为 `Rank(WMA(Abs(Delta(close, 5)), 5))`，同时将整体表达式乘以一个衰减系数 `0.9`，即：  
`Cov(Delta(close, 5), Delta(volume, 5), 20) * (0.9 + Rank(Delta(volume, 5) * Delta(close, 5)) / (Rank(WMA(Abs(Delta(close, 5)), 5)) + 1e-6))`",该因子通过去除EMA平滑和Std窗口，改用原始量价Delta乘积和WMA窗口，增强信号对日间量价变化的敏感度，降低持仓周期，从而提升换手率，同时保留协方差核心结构以维持有效性。,去除EMA平滑和Std窗口，改用原始Delta乘积和WMA窗口，直接减少信号记忆长度，使因子对最新量价变化更敏感，提升日间变化频率，从而改善换手率维度，同时通过衰减系数0.9控制噪声放大。,0.2878787878787879,alpha-20260614_164620_MCTS_004,59,15,9,2,10,0.4869586171875555,"{'effectiveness': 0.75, 'diversity': 0.7121212121212122, 'stability': 1.0, 'turnover': 0.17647058823529413, 'overfit': 0.5715454545454545}",0.642027450980392,0.75,0.7121212121212122,1.0,0.17647058823529413,0.14295074572743852,0.5715454545454545,,"Cov(Delta(close, 5), Delta(volume, 5), 20) * (1 + Rank(EMA(Delta(volume, 5), 10) * Rank(Delta(close, 5))) / (Rank(Std(Abs(Delta(close, 5)), 10)) + 1e-6))",-0.07475857561196697,-0.1054353202709598
alpha-20260614_183802_MCTS_008,"Cov(Delta(close, 5), Delta(volume, 5), 20) * (1 + Rank(WMA(Delta(volume, 5), 5)) * Rank(Delta(close, 5) * Delta(volume, 5)) / (Rank(WMA(Std(Delta(volume, 5), 20), 5)) + 1e-6))","将原分子中的 `Rank(Std(Delta(volume, 5), 10))` 替换为 `Rank(WMA(Delta(volume, 5), 5))`，将 `Rank(Corr(Delta(close, 1), Delta(volume, 1), 10))` 替换为 `Rank(Delta(close, 5) * Delta(volume, 5))`，并将分母中的 `Rank(WMA(Std(Abs(Delta(close, 5)), 10), 5))` 替换为 `Rank(WMA(Std(Delta(volume, 5), 20), 5))`。",-0.057947476921604915,-0.7284355052289804,-11.331797078898136,2641.7119341563784,0.10395026382036665,0.7602035724260022,1.7974068114302524,0.11850379156265678,0.32909229926918426,0.09611557212382586,3.4239228045712933,0.18477566639404608,alpha_jungle_mcts,diversity,"将表达式中的 `Rank(Std(Delta(volume, 5), 10))` 替换为 `Rank(WMA(Delta(volume, 5), 5))`，并将 `Rank(Corr(Delta(close, 1), Delta(volume, 1), 10))` 替换为 `Rank(Delta(close, 5) * Delta(volume, 5))`，同时将分母中的 `Rank(WMA(Std(Abs(Delta(close, 5)), 10), 5))` 替换为 `Rank(WMA(Std(Delta(volume, 5), 20), 5))`。",该因子通过将成交量短期加权均值与价格-成交量乘积项引入分子，同时将分母从价格标准差替换为成交量标准差，重构了量价共振与波动调控的拓扑结构，以提升因子库的AST多样性。,三处替换同时改变了分子和分母的子树结构：分子从波动率与相关系数组合变为成交量加权均值和量价乘积项，分母从价格标准差转向成交量标准差，整体拓扑与父节点和兄弟节点均显著不同，能有效提升diversity分数。,0.2597402597402597,alpha-20260614_183802_MCTS_006,75,19,12,2,10,0.4869586171875555,"{'effectiveness': 0.75, 'diversity': 0.7402597402597403, 'stability': 1.0, 'turnover': 0.14814814814814814, 'overfit': 0.5870649350649351}",0.6450945646945647,0.75,0.7402597402597403,1.0,0.14814814814814814,0.1950413556823632,0.5870649350649351,,"Cov(Delta(close, 5), Delta(volume, 5), 20) * (1 + Rank(Std(Delta(volume, 5), 10)) * Rank(Corr(Delta(close, 1), Delta(volume, 1), 10)) / (Rank(WMA(Std(Abs(Delta(close, 5)), 10), 5)) + 1e-6))",-0.05140469732133822,-0.06454779551153805
alpha-20260614_183802_MCTS_018,"Cov(Delta(close, 5), Delta(volume, 5), 20) * (1 + Rank(Delta(volume, 5) * Delta(close, 5)) / (Rank(Std(Abs(Delta(close, 5)), 5)) + 1e-6))","修复思路是保持分子不变（仍为无平滑的原始乘积Rank），但将分母中的`WMA(Abs(Delta(close, 5)), 5)`替换为`Std(Abs(Delta(close, 5)), 5)`。`Std`与`WMA`在AST中属于不同算子节点，能显著改变树结构，从而避免与alpha-20260614_183802_MCTS_016的AST完全匹配。同时，窗口仍保持为5日，不引入长窗口，以维持低换手率特性。",-0.09238987943462867,-0.9694702272735038,-15.081417380998275,2641.7119341563784,0.1320700062836071,0.8850288699202449,2.1238457499455268,0.10692443539334619,0.4318748146118827,0.11100010873191393,3.890760284342976,0.22370494512824438,alpha_jungle_mcts,turnover,"将表达式中的 `Rank(EMA(Delta(volume, 5), 10) * Rank(Delta(close, 5)))` 替换为 `Rank(Delta(volume, 5) * Delta(close, 5))`，并将分母中的 `Rank(Std(Abs(Delta(close, 5)), 10))` 替换为 `Rank(WMA(Abs(Delta(close, 5)), 5))`，即改为：`Cov(Delta(close, 5), Delta(volume, 5), 20) * (1 + Rank(Delta(volume, 5) * Delta(close, 5)) / (Rank(WMA(Abs(Delta(close, 5)), 5)) + 1e-6))`",该表达式在保留量价协方差核心结构的基础上，通过替换分子和分母的算子组合，降低与已有alpha的AST相似度，同时保持短窗口和去平滑特性以优化turnover维度。,"修复后，分母使用`Std(..., 5)`而非`WMA(..., 5)`，算子类型不同，AST结构差异明显，从而解决相似度1.00的问题。`Std`为短期标准差，能快速反映价格波动的剧烈程度，但不会像长窗口平滑那样引入滞后和频繁反转，因此对turnover的负面影响较小。该改动保留了降低换手率的核心方向（短窗口、去平滑），同时满足了原创性要求。",0.3220338983050847,alpha-20260614_162534_MCTS_010,59,15,9,2,10,0.4869586171875555,"{'effectiveness': 0.75, 'diversity': 0.6779661016949152, 'stability': 1.0, 'turnover': 0.14285714285714285, 'overfit': 0.5539157678479713}",0.6249478024800059,0.75,0.6779661016949152,1.0,0.14285714285714285,0.1721735167094858,0.5539157678479713,,"Cov(Delta(close, 5), Delta(volume, 5), 20) * (1 + Rank(EMA(Delta(volume, 5), 10) * Rank(Delta(close, 5))) / (Rank(Std(Abs(Delta(close, 5)), 10)) + 1e-6))",-0.07368152568677104,-0.10388942431871613
alpha-20260614_183802_MCTS_009,"Cov(Delta(close, 5), Delta(volume, 5), 20) * (1 + Rank(Std(Delta(volume, 5), 20)) * Rank(Delta(close, 5)) / (Rank(WMA(Std(Abs(Delta(close, 5)), 20), 5)) + 1e-6))","将分子中的 `Rank(Std(Delta(volume, 5), 10)) * Rank(Corr(Delta(close, 1), Delta(volume, 1), 10))` 替换为 `Rank(Std(Delta(volume, 5), 20)) * Rank(Delta(close, 5))`，并将分母中的 `Rank(WMA(Std(Abs(Delta(close, 5)), 10), 5))` 替换为 `Rank(WMA(Std(Abs(Delta(close, 5)), 20), 5))`。",-0.08383927502380475,-0.8137787506318471,-12.659426405060502,2641.7119341563784,0.11643876839107237,0.8198066050385638,1.8576259905034467,0.14191194650574557,0.4406409836117915,0.11154833673296213,3.950224597849908,0.25296268261156946,alpha_jungle_mcts,effectiveness,"将分子中的 `Rank(Std(Delta(volume, 5), 10)) * Rank(Corr(Delta(close, 1), Delta(volume, 1), 10))` 替换为 `Rank(Std(Delta(volume, 5), 20)) * Rank(Delta(close, 5))`，并将分母中的 `Rank(WMA(Std(Abs(Delta(close, 5)), 10), 5))` 替换为 `Rank(WMA(Std(Abs(Delta(close, 5)), 20), 5))`，得到新表达式：  
`Cov(Delta(close, 5), Delta(volume, 5), 20) * (1 + Rank(Std(Delta(volume, 5), 20)) * Rank(Delta(close, 5)) / (Rank(WMA(Std(Abs(Delta(close, 5)), 20), 5)) + 1e-6))`",该表达式通过将分子中的量价相关性替换为更稳定的成交量波动率与价格短期变化的乘积，并延长分母价格波动率的平滑窗口，增强了趋势确认信号的捕捉能力，同时降低了噪声，提升了因子的信噪比和有效性。,"该修改将分子中的量价相关性项（Corr(close,volume,10)）替换为价格短期变化（Delta(close,5)），直接捕捉价格动量，同时将成交量波动率的计算窗口从10延长至20，使其更稳定、噪声更低；分母中价格波动率的平滑窗口也从10延长至20，进一步降低分母的随机波动，从而提升整个因子的信噪比和有效性。该改动与已有子节点在结构上不同，避免了同质化，且未引入高过拟合风险的操作。",0.8333333333333334,alpha-20260614_183802_MCTS_005,70,18,11,2,11,0.4869586171875555,"{'effectiveness': 0.75, 'diversity': 0.16666666666666663, 'stability': 1.0, 'turnover': 0.2857142857142857, 'overfit': 0.42616666666666664}",0.5257095238095237,0.75,0.16666666666666663,1.0,0.2857142857142857,0.13196011278461528,0.42616666666666664,,"Cov(Delta(close, 5), Delta(volume, 5), 20) * (1 + Rank(Std(Delta(volume, 5), 10)) * Rank(Corr(Delta(close, 1), Delta(volume, 1), 10)) / (Rank(WMA(Std(Abs(Delta(close, 5)), 10), 5)) + 1e-6))",-0.07352828957899994,-0.09507630664068761
